Type,Date,StrikePrice,Open,High,Low,Close,Vol/Prev,CE/PE,OI,COI,Volume
PE,2022-03-02,15000.0,124.95,143.7,105.3,111.65,0,NA,2420500,180300,33612
PE,2022-03-03,15000.0,100.0,120.8,82.95,112.55,0.88,NA,2635600,215100,29605
PE,2022-03-04,15000.0,158.4,161.4,100.0,129.15,2.04,NA,2698650,63050,60258
PE,2022-03-07,15000.0,165.0,244.1,165.0,195.45,1.96,NA,2957350,258700,118140
PE,2022-03-08,15000.0,215.05,239.75,147.25,153.4,0.59,NA,2913850,-43500,69988
PE,2022-03-09,15000.0,153.0,153.0,76.5,85.25,0.91,NA,2882050,-31800,63476
PE,2022-03-10,15000.0,57.7,78.55,40.1,55.8,1.08,NA,2894350,12300,68338
PE,2022-03-11,15000.0,70.0,70.0,45.55,47.15,0.45,NA,3005400,111050,30431
PE,2022-03-14,15000.0,45.8,50.1,35.0,37.0,1.16,NA,3009200,3800,35161
PE,2022-03-15,15000.0,38.8,59.65,32.7,47.4,0.85,NA,2958575,-50625,29777
PE,2022-03-16,15000.0,38.0,38.0,18.55,19.9,1.25,NA,2859125,-99450,37231
PE,2022-03-17,15000.0,16.75,16.75,10.55,12.75,0.91,NA,2641175,-217950,33775
PE,2022-03-21,15000.0,11.45,11.8,7.9,8.35,1.01,NA,2658875,17700,33973
PE,2022-03-22,15000.0,10.7,10.7,3.6,3.95,0.9,NA,2451825,-207050,30654
PE,2022-03-23,15000.0,3.05,4.75,2.75,3.65,0.72,NA,2482375,30550,22092
PE,2022-03-24,15000.0,4.45,5.85,2.3,2.55,1.98,NA,3090725,608350,43769
PE,2022-03-25,15000.0,2.05,2.3,1.55,2.05,1.62,NA,3176725,86000,70995
PE,2022-03-28,15000.0,2.0,2.0,0.95,1.0,0.59,NA,2968675,-208050,42087
PE,2022-03-29,15000.0,0.85,1.0,0.7,0.8,0.69,NA,2804725,-163950,28976
PE,2022-03-30,15000.0,0.8,0.8,0.25,0.3,1.38,NA,2193125,-611600,40021
PE,2022-03-31,15000.0,0.3,0.4,0.05,0.1,0.58,NA,1897325,-295800,23094
PE,2022-03-02,15500.0,170.0,227.95,170.0,181.25,0,NA,3545800,73200,27667
PE,2022-03-03,15500.0,147.2,198.0,139.05,189.9,1.65,NA,3356400,-189400,45574
PE,2022-03-04,15500.0,236.8,266.75,170.0,219.65,1.24,NA,3471000,114600,56505
PE,2022-03-07,15500.0,316.15,399.35,302.55,326.3,1.75,NA,3126000,-345000,98985
PE,2022-03-08,15500.0,351.65,392.4,253.25,261.65,0.81,NA,3362450,236450,80612
PE,2022-03-09,15500.0,252.0,263.2,139.3,153.15,0.99,NA,3479500,117050,80007
PE,2022-03-10,15500.0,122.0,140.25,75.3,100.6,0.85,NA,3253700,-225800,68093
PE,2022-03-11,15500.0,120.0,120.0,85.25,90.05,0.58,NA,3135050,-118650,39821
PE,2022-03-14,15500.0,94.05,96.55,65.0,69.5,0.95,NA,2974800,-160250,37858
PE,2022-03-15,15500.0,65.25,112.15,61.2,89.95,1.06,NA,2913750,-61050,40000
PE,2022-03-16,15500.0,65.35,65.35,36.25,38.05,1.17,NA,2646350,-267400,46712
PE,2022-03-17,15500.0,22.55,30.85,19.5,21.5,0.87,NA,2346650,-299700,40678
PE,2022-03-21,15500.0,20.0,21.0,15.2,18.05,0.81,NA,2327900,-18750,32983
PE,2022-03-22,15500.0,15.05,19.8,7.7,8.15,1.44,NA,2383000,55100,47455
PE,2022-03-23,15500.0,5.3,9.95,5.3,7.65,0.85,NA,2428700,45700,40226
PE,2022-03-24,15500.0,8.4,8.45,3.75,4.95,2.15,NA,3511600,1082900,86658
PE,2022-03-25,15500.0,3.6,4.0,2.7,3.05,1.59,NA,2936750,-574850,138052
PE,2022-03-28,15500.0,3.6,3.6,1.15,1.25,0.83,NA,2838950,-97800,115095
PE,2022-03-29,15500.0,1.1,1.2,0.8,1.0,0.62,NA,2600350,-238600,71178
PE,2022-03-30,15500.0,0.95,1.0,0.4,0.55,0.6,NA,2431050,-169300,42395
PE,2022-03-31,15500.0,0.3,0.65,0.05,0.1,0.61,NA,1987650,-443400,25721
PE,2022-03-02,16000.0,315.75,356.95,278.05,292.05,0,NA,4274500,82800,47311
PE,2022-03-03,16000.0,250.95,321.0,225.0,301.95,1.13,NA,4440150,165650,53320
PE,2022-03-04,16000.0,373.1,429.0,285.3,365.4,1.77,NA,4252200,-187950,94223
PE,2022-03-07,16000.0,537.95,622.9,486.5,525.8,0.99,NA,3748150,-504050,93447
PE,2022-03-08,16000.0,589.95,626.55,423.95,436.0,0.67,NA,3723250,-24900,63075
PE,2022-03-09,16000.0,429.1,443.2,247.55,269.25,1.56,NA,3781500,58250,98554
PE,2022-03-10,16000.0,200.0,250.0,125.85,185.75,0.91,NA,3978600,197100,90173
PE,2022-03-11,16000.0,204.3,217.7,161.1,170.5,0.68,NA,4196500,217900,61541
PE,2022-03-14,16000.0,177.25,183.0,118.0,127.95,1.18,NA,4648250,451750,72780
PE,2022-03-15,16000.0,125.55,204.9,112.65,170.2,1.02,NA,4526800,-121450,74382
PE,2022-03-16,16000.0,160.0,160.0,73.3,76.4,1.24,NA,4791650,264850,92051
PE,2022-03-17,16000.0,59.05,59.1,37.55,39.3,1.03,NA,4554500,-237150,94537
PE,2022-03-21,16000.0,37.95,43.5,29.2,41.5,0.75,NA,4671950,117450,70550
PE,2022-03-22,16000.0,46.4,46.65,17.2,18.8,1.61,NA,4739100,67150,113716
PE,2022-03-23,16000.0,15.9,23.9,11.3,19.95,0.82,NA,5056750,317650,92880
PE,2022-03-24,16000.0,25.05,26.7,8.65,10.25,1.88,NA,5498600,441850,174299
PE,2022-03-25,16000.0,7.7,9.25,5.45,7.15,2.13,NA,7283450,1784850,371409
PE,2022-03-28,16000.0,5.5,5.5,1.7,1.95,1.27,NA,6066700,-1216750,472625
PE,2022-03-29,16000.0,1.6,1.75,1.05,1.3,0.48,NA,5341400,-725300,224577
PE,2022-03-30,16000.0,0.5,1.3,0.5,0.65,0.67,NA,4172050,-1169350,151289
PE,2022-03-31,16000.0,0.5,1.0,0.05,0.1,0.39,NA,3382750,-789300,59266
PE,2022-03-02,16500.0,459.0,548.9,441.3,461.5,0,NA,4913300,53250,85307
PE,2022-03-03,16500.0,412.0,513.05,362.65,486.5,0.86,NA,4777750,-135550,73657
PE,2022-03-04,16500.0,562.15,672.0,469.5,587.65,0.82,NA,4296100,-481650,60425
PE,2022-03-07,16500.0,880.0,949.55,764.45,819.1,0.54,NA,3513500,-782600,32810
PE,2022-03-08,16500.0,850.0,960.0,688.0,702.7,0.98,NA,3218450,-295050,32200
PE,2022-03-09,16500.0,680.35,718.25,439.45,470.05,0.89,NA,3122650,-95800,28539
PE,2022-03-10,16500.0,301.45,435.0,263.55,338.1,3.49,NA,3777650,655000,99593
PE,2022-03-11,16500.0,366.0,400.0,296.8,315.55,0.64,NA,3959650,182000,63307
PE,2022-03-14,16500.0,326.2,334.85,220.0,233.25,1.08,NA,3951350,-8300,68647
PE,2022-03-15,16500.0,219.7,366.85,210.3,312.95,1.05,NA,3928400,-22950,72259
PE,2022-03-16,16500.0,251.55,291.95,155.0,160.4,0.87,NA,3876050,-52350,62657
PE,2022-03-17,16500.0,97.8,104.95,74.7,81.45,1.58,NA,3710550,-165500,99195
PE,2022-03-21,16500.0,79.95,106.4,66.05,101.95,0.93,NA,3473950,-236600,92145
PE,2022-03-22,16500.0,89.75,118.5,45.95,49.85,1.13,NA,3531800,57850,104334
PE,2022-03-23,16500.0,44.55,65.35,30.45,57.15,0.89,NA,3755700,223900,93229
PE,2022-03-24,16500.0,66.0,78.75,28.5,34.1,1.71,NA,4094200,338500,159352
PE,2022-03-25,16500.0,20.0,35.7,17.1,23.6,2.74,NA,4700300,606100,436558
PE,2022-03-28,16500.0,17.35,25.0,5.9,6.55,1.5,NA,6011300,1311000,655365
PE,2022-03-29,16500.0,4.75,6.15,3.05,3.35,0.75,NA,6609650,598350,488360
PE,2022-03-30,16500.0,2.25,2.25,1.05,1.2,0.98,NA,6052400,-557250,479402
PE,2022-03-31,16500.0,0.3,0.95,0.05,0.1,0.36,NA,4665000,-1387400,174237
PE,2022-03-02,17000.0,699.95,812.0,677.1,707.9,0,NA,2386050,-24150,9619
PE,2022-03-03,17000.0,634.1,780.0,583.1,740.1,1.19,NA,2421400,35350,11409
PE,2022-03-04,17000.0,880.0,998.0,739.05,903.55,0.89,NA,2346350,-75050,10156
PE,2022-03-07,17000.0,1113.0,1355.0,1112.2,1208.35,1.5,NA,1985950,-360400,15263
PE,2022-03-08,17000.0,1250.0,1370.0,1059.45,1075.05,0.64,NA,1969100,-16850,9709
PE,2022-03-09,17000.0,1070.0,1097.6,735.0,775.85,0.56,NA,1934850,-34250,5417
PE,2022-03-10,17000.0,600.0,713.25,490.05,594.55,2.53,NA,1949000,14150,13719
PE,2022-03-11,17000.0,658.05,678.0,529.4,559.75,0.62,NA,1934800,-14200,8503
PE,2022-03-14,17000.0,565.15,584.15,402.0,418.35,1.77,NA,2022550,87750,15072
PE,2022-03-15,17000.0,391.45,630.0,383.6,546.35,1.92,NA,1991600,-30950,28868
PE,2022-03-16,17000.0,439.2,439.2,315.35,327.55,2.07,NA,2339100,347500,59696
PE,2022-03-17,17000.0,200.0,221.35,164.05,182.0,2.08,NA,3548550,1209450,124048
PE,2022-03-21,17000.0,153.0,245.0,153.0,234.9,1.02,NA,3786300,237750,126486
PE,2022-03-22,17000.0,230.05,274.0,125.0,134.2,1.41,NA,3831800,45500,178022
PE,2022-03-23,17000.0,109.7,175.0,90.95,153.7,1.0,NA,3876250,44450,178537
PE,2022-03-24,17000.0,192.0,202.05,103.35,119.6,1.55,NA,3783300,-92950,275928
PE,2022-03-25,17000.0,99.45,148.5,86.6,107.1,3.75,NA,4677250,893950,1035829
PE,2022-03-28,17000.0,92.0,150.8,42.8,48.8,1.68,NA,5332350,655100,1745204
PE,2022-03-29,17000.0,37.35,38.65,12.75,15.95,0.75,NA,6333650,1001300,1310753
PE,2022-03-30,17000.0,8.5,8.6,3.85,4.25,0.83,NA,6520750,187100,1089933
PE,2022-03-31,17000.0,1.5,2.2,0.05,0.1,0.49,NA,5275950,-1244800,530663
PE,2022-03-02,17500.0,1073.05,1154.0,1000.0,1040.3,0,NA,1452950,-1750,2037
PE,2022-03-03,17500.0,913.3,1145.6,895.0,1086.8,3.46,NA,1650250,197300,7057
PE,2022-03-04,17500.0,1143.8,1405.0,1107.15,1302.35,1.12,NA,1430800,-219450,7904
PE,2022-03-07,17500.0,1500.0,1810.5,1500.0,1654.8,1.08,NA,1312650,-118150,8504
PE,2022-03-08,17500.0,1700.0,1834.4,1495.95,1510.55,0.46,NA,1233600,-79050,3927
PE,2022-03-09,17500.0,1517.45,1517.45,1130.75,1178.55,0.87,NA,1249000,15400,3430
PE,2022-03-10,17500.0,918.35,1100.65,833.3,962.1,1.82,NA,1208900,-40100,6231
PE,2022-03-11,17500.0,1059.1,1059.1,876.35,921.1,0.51,NA,1177450,-31450,3188
PE,2022-03-14,17500.0,868.9,942.0,708.0,730.8,0.9,NA,1180200,2750,2877
PE,2022-03-15,17500.0,710.0,1004.7,692.05,906.0,1.16,NA,1175750,-4450,3343
PE,2022-03-16,17500.0,710.85,735.1,598.45,613.95,1.71,NA,1226950,51200,5725
PE,2022-03-17,17500.0,443.05,459.85,345.2,381.75,3.76,NA,1373350,146400,21528
PE,2022-03-21,17500.0,342.45,501.45,329.7,482.4,1.1,NA,1379050,5700,23756
PE,2022-03-22,17500.0,475.2,552.0,311.0,326.0,0.82,NA,1335950,-43100,19482
PE,2022-03-23,17500.0,275.1,411.5,254.2,368.65,2.88,NA,1343750,7800,56138
PE,2022-03-24,17500.0,458.9,458.9,304.75,351.35,0.51,NA,1393250,49500,28742
PE,2022-03-25,17500.0,302.0,448.4,301.0,368.4,2.2,NA,1318900,-74350,63311
PE,2022-03-28,17500.0,338.25,497.75,258.2,274.55,1.06,NA,1176900,-142000,67066
PE,2022-03-29,17500.0,208.75,255.0,152.25,171.0,3.81,NA,1322200,145300,255301
PE,2022-03-30,17500.0,121.95,121.95,49.15,57.95,9.95,NA,5138200,3816000,2541133
PE,2022-03-31,17500.0,40.0,64.5,16.55,32.45,2.87,NA,2386150,-2752050,7281225
PE,2022-03-02,18000.0,1447.0,1574.85,1392.0,1438.55,0,NA,1010500,-10200,1492
PE,2022-03-03,18000.0,1335.35,1570.0,1286.65,1517.5,1.1,NA,1000150,-10350,1640
PE,2022-03-04,18000.0,1751.3,1867.25,1550.0,1762.65,1.02,NA,985000,-15150,1676
PE,2022-03-07,18000.0,1740.1,2285.15,1740.1,2137.05,1.3,NA,953600,-31400,2183
PE,2022-03-08,18000.0,2174.1,2313.35,1988.45,1997.9,0.49,NA,931100,-22500,1070
PE,2022-03-09,18000.0,2000.0,2000.0,1590.0,1648.55,1.02,NA,926450,-4650,1092
PE,2022-03-10,18000.0,1384.1,1560.0,1274.6,1407.95,1.24,NA,920000,-6450,1350
PE,2022-03-11,18000.0,1525.2,1525.2,1316.0,1367.85,0.91,NA,908450,-11550,1233
PE,2022-03-14,18000.0,1319.85,1385.95,1120.1,1141.45,1.7,NA,885950,-22500,2093
PE,2022-03-15,18000.0,1132.45,1454.2,1107.95,1341.1,0.98,NA,894600,8650,2046
PE,2022-03-16,18000.0,1150.0,1156.15,1000.0,1015.55,0.87,NA,895700,1100,1782
PE,2022-03-17,18000.0,812.0,840.8,676.55,726.25,3.03,NA,888700,-7000,5402
PE,2022-03-21,18000.0,693.4,899.0,680.0,874.8,0.91,NA,802000,-86700,4892
PE,2022-03-22,18000.0,900.0,969.0,658.9,682.35,0.58,NA,764200,-37800,2817
PE,2022-03-23,18000.0,600.0,800.0,583.55,751.95,1.43,NA,738100,-26100,4018
PE,2022-03-24,18000.0,873.8,873.8,685.0,760.85,0.91,NA,721850,-16250,3646
PE,2022-03-25,18000.0,732.7,904.9,720.15,845.95,1.47,NA,728200,6350,5358
PE,2022-03-28,18000.0,790.5,983.35,720.0,733.35,1.64,NA,850550,122350,8771
PE,2022-03-29,18000.0,657.05,730.0,612.9,635.3,1.42,NA,595350,-255200,12419
PE,2022-03-30,18000.0,512.1,578.55,461.4,482.5,1.22,NA,436000,-159350,15186
PE,2022-03-31,18000.0,510.0,560.45,445.2,532.5,0.71,NA,296800,-139200,10748
PE,2022-03-02,18500.0,1908.0,2036.0,1851.95,1902.45,0,NA,395650,-3900,311
PE,2022-03-03,18500.0,1754.5,2042.0,1754.5,1974.65,2.59,NA,391750,-3900,807
PE,2022-03-04,18500.0,2222.0,2345.0,2032.0,2255.45,0.78,NA,366400,-25350,629
PE,2022-03-07,18500.0,2600.0,2793.4,2553.8,2624.2,0.85,NA,349850,-16550,533
PE,2022-03-08,18500.0,2665.5,2785.0,2453.25,2477.7,0.48,NA,339350,-10500,254
PE,2022-03-09,18500.0,2456.3,2456.3,2077.25,2126.85,1.09,NA,337450,-1900,278
PE,2022-03-10,18500.0,1982.15,2016.85,1750.0,1876.95,1.9,NA,335800,-1650,527
PE,2022-03-11,18500.0,1935.0,1945.0,1820.0,1851.05,0.29,NA,333300,-2500,153
PE,2022-03-14,18500.0,1840.45,1878.75,1595.2,1619.4,1.45,NA,327900,-5400,222
PE,2022-03-15,18500.0,1592.15,1916.55,1583.95,1827.75,1.27,NA,324400,-3500,281
PE,2022-03-16,18500.0,1612.0,1635.45,1484.0,1495.45,0.76,NA,319400,-5000,213
PE,2022-03-17,18500.0,1280.5,1303.1,1130.85,1185.65,3.87,NA,315900,-3500,825
PE,2022-03-21,18500.0,1200.0,1360.35,1150.0,1344.35,0.8,NA,308550,-7350,659
PE,2022-03-22,18500.0,1375.15,1445.0,1121.0,1139.85,0.8,NA,295350,-13200,525
PE,2022-03-23,18500.0,1046.9,1263.3,1046.9,1218.0,0.79,NA,283700,-11650,414
PE,2022-03-24,18500.0,1324.6,1324.65,1169.0,1260.1,1.22,NA,276650,-7050,504
PE,2022-03-25,18500.0,1214.25,1400.7,1214.25,1327.05,0.54,NA,272850,-3800,272
PE,2022-03-28,18500.0,1300.35,1471.55,1216.6,1230.5,4.29,NA,250500,-22350,1167
PE,2022-03-29,18500.0,1196.15,1223.65,1111.45,1138.7,1.67,NA,214950,-35550,1948
PE,2022-03-30,18500.0,1056.5,1061.95,966.65,987.6,0.78,NA,184000,-30950,1526
PE,2022-03-31,18500.0,997.7,1061.5,946.45,1035.15,1.53,NA,161100,-22900,2330
CE,2022-03-02,15000.0,1710.0,1772.2,1599.0,1706.2,0,0.033708199452576464,618800,-700,1133
CE,2022-03-03,15000.0,1830.0,1830.0,1565.0,1585.1,0.82,0.031447390643472385,614000,-4800,931
CE,2022-03-04,15000.0,1500.0,1561.2,1300.05,1370.5,2.63,0.040708287696239506,640350,26350,2453
CE,2022-03-07,15000.0,1099.9,1128.2,950.0,1063.05,1.63,0.03389199255121043,697950,57600,4004
CE,2022-03-08,15000.0,1012.6,1170.8,915.05,1153.3,0.59,0.03392010058867234,707300,9350,2374
CE,2022-03-09,15000.0,1150.0,1492.65,1150.0,1451.55,0.59,0.02192954817568845,684400,-22900,1392
CE,2022-03-10,15000.0,1650.0,1787.75,1545.95,1658.15,0.86,0.017471977523486202,666250,-18150,1194
CE,2022-03-11,15000.0,1561.25,1740.0,1561.25,1684.15,1.48,0.05826295553875982,610950,-55300,1773
CE,2022-03-14,15000.0,1734.15,1938.4,1666.9,1919.2,0.3,0.015272603168283041,602700,-8250,537
CE,2022-03-15,15000.0,1934.45,1947.8,1615.3,1705.4,1.1,0.01978036739765591,596900,-5800,589
CE,2022-03-16,15000.0,1910.0,2035.0,1890.0,2020.8,1.56,0.02473744997448363,592450,-4450,921
CE,2022-03-17,15000.0,2235.0,2385.0,2200.1,2323.6,1.25,0.033960029607698,595750,3300,1147
CE,2022-03-21,15000.0,2317.4,2365.0,2140.0,2162.05,0.94,0.03181938598298649,579650,-16100,1081
CE,2022-03-22,15000.0,2135.45,2377.3,2057.0,2358.05,0.75,0.026358713381614145,557350,-22300,808
CE,2022-03-23,15000.0,2459.45,2459.45,2230.0,2283.85,0.78,0.028562375520550427,538850,-18500,631
CE,2022-03-24,15000.0,2176.1,2333.6,2176.1,2244.25,1.09,0.01574173501793507,512900,-25950,689
CE,2022-03-25,15000.0,2263.0,2267.0,2100.0,2173.75,1.43,0.013916472991055709,480700,-32200,988
CE,2022-03-28,15000.0,2217.1,2286.2,2030.0,2269.1,2.73,0.06417658659443534,421550,-59150,2701
CE,2022-03-29,15000.0,2336.8,2392.0,2271.35,2366.2,0.84,0.07868580894533407,377150,-44400,2280
CE,2022-03-30,15000.0,2483.25,2542.0,2425.4,2517.4,1.26,0.0716124034881687,322300,-54850,2866
CE,2022-03-31,15000.0,2539.4,2559.0,2445.0,2470.6,1.22,0.15094829825928813,232550,-89750,3486
CE,2022-03-02,15500.0,1312.6,1345.8,1187.9,1293.8,0,0.03856580041204323,270100,16600,1067
CE,2022-03-03,15500.0,1376.4,1376.4,1149.4,1174.75,0.79,0.018475446526528282,271400,1300,842
CE,2022-03-04,15500.0,940.05,1140.0,910.0,973.1,1.32,0.01973276701176887,274500,3100,1115
CE,2022-03-07,15500.0,721.6,755.0,603.0,695.6,6.57,0.07406172652422084,365700,91200,7331
CE,2022-03-08,15500.0,631.2,783.7,572.75,771.5,0.95,0.08669925073190096,348850,-16850,6989
CE,2022-03-09,15500.0,770.05,1059.4,732.25,1019.4,0.48,0.04199632532153436,340750,-8100,3360
CE,2022-03-10,15500.0,1231.4,1319.0,1092.0,1212.8,0.77,0.03781592821582248,299800,-40950,2575
CE,2022-03-11,15500.0,1110.0,1285.0,1110.0,1231.65,0.31,0.020014565179176817,293450,-6350,797
CE,2022-03-14,15500.0,1221.5,1464.45,1213.0,1448.4,2.17,0.0455914205716097,248550,-44900,1726
CE,2022-03-15,15500.0,1474.3,1478.9,1180.65,1255.3,0.28,0.011925,236250,-12300,477
CE,2022-03-16,15500.0,1467.9,1555.55,1415.3,1542.55,0.68,0.006914711423188902,234500,-1750,323
CE,2022-03-17,15500.0,1740.7,1888.8,1710.0,1830.95,1.55,0.012291656423619648,230400,-4100,500
CE,2022-03-21,15500.0,1866.35,1870.0,1656.5,1669.35,0.47,0.007185519813237122,220750,-9650,237
CE,2022-03-22,15500.0,1643.05,1881.0,1572.2,1864.75,0.95,0.004762406490359288,216100,-4650,226
CE,2022-03-23,15500.0,1927.2,1947.65,1733.0,1791.95,0.94,0.005295082782280117,212500,-3600,213
CE,2022-03-24,15500.0,1675.0,1828.0,1675.0,1751.8,2.6,0.006392946987006393,205250,-7250,554
CE,2022-03-25,15500.0,1755.0,1759.9,1606.05,1712.7,1.08,0.004324457450815634,192250,-13000,597
CE,2022-03-28,15500.0,1685.0,1780.95,1534.85,1759.0,1.21,0.006264390286285243,170650,-21600,721
CE,2022-03-29,15500.0,1831.15,1889.95,1792.1,1862.6,0.61,0.006223833206889769,161800,-8850,443
CE,2022-03-30,15500.0,1950.0,2039.95,1945.9,2027.2,1.56,0.016346267248496284,148250,-13550,693
CE,2022-03-31,15500.0,2031.0,2056.8,1939.15,1970.35,2.03,0.05474126200381012,123700,-24550,1408
CE,2022-03-02,16000.0,854.05,960.0,812.55,903.4,0,0.12906089492929762,546825,14625,6106
CE,2022-03-03,16000.0,971.35,992.9,765.2,803.15,0.91,0.10416354088522131,507875,-38950,5554
CE,2022-03-04,16000.0,665.45,763.2,575.1,618.95,1.97,0.11590588285238211,566200,58325,10921
CE,2022-03-07,16000.0,420.0,529.5,333.55,396.25,8.57,1.0014339679176432,1332575,766375,93581
CE,2022-03-08,16000.0,350.15,458.75,307.5,447.55,1.11,1.643915973047959,1585175,252600,103690
CE,2022-03-09,16000.0,446.7,668.0,412.75,635.0,0.49,0.5145199586013759,1331175,-254000,50708
CE,2022-03-10,16000.0,799.95,890.2,700.0,795.5,0.25,0.14031916427311944,1203125,-128050,12653
CE,2022-03-11,16000.0,728.4,865.45,688.0,815.6,0.44,0.0898100453356299,1167200,-35925,5527
CE,2022-03-14,16000.0,797.65,1024.5,797.65,1008.6,0.7,0.05350370981038747,1123050,-44150,3894
CE,2022-03-15,16000.0,1013.8,1035.05,760.0,834.6,0.93,0.04881557366029416,1095500,-27550,3631
CE,2022-03-16,16000.0,957.7,1098.0,957.7,1081.35,0.75,0.029679199574149114,1053350,-42150,2732
CE,2022-03-17,16000.0,1286.35,1417.4,1235.9,1357.3,1.51,0.043633709552873476,969575,-83775,4125
CE,2022-03-21,16000.0,1388.55,1389.2,1175.0,1194.85,0.75,0.04374202693125443,900575,-69000,3086
CE,2022-03-22,16000.0,1157.1,1400.0,1100.0,1379.3,0.47,0.012786239403426079,859575,-41000,1454
CE,2022-03-23,16000.0,1458.9,1471.55,1245.0,1287.9,0.49,0.0076442721791559,846775,-12800,710
CE,2022-03-24,16000.0,1186.3,1345.0,1182.75,1251.4,1.85,0.007533032318028216,821175,-25600,1313
CE,2022-03-25,16000.0,1288.3,1289.0,1110.0,1181.7,1.01,0.0035567258736325723,804475,-16700,1321
CE,2022-03-28,16000.0,1209.6,1284.1,1030.0,1269.1,1.86,0.005190161332980693,751475,-53000,2453
CE,2022-03-29,16000.0,1330.0,1389.4,1283.25,1371.35,0.46,0.005040587415452161,720275,-31200,1132
CE,2022-03-30,16000.0,1481.15,1540.85,1430.5,1511.8,2.18,0.01629992927443502,677225,-43050,2466
CE,2022-03-31,16000.0,1526.05,1555.05,1440.0,1470.65,2.22,0.09234637060034422,538025,-139200,5473
CE,2022-03-02,16500.0,550.0,631.0,507.0,573.05,0,0.7192961890583423,1229700,391550,61361
CE,2022-03-03,16500.0,599.95,636.3,460.0,486.05,0.75,0.6264441940345113,1370100,140400,46142
CE,2022-03-04,16500.0,393.55,450.95,319.25,347.7,1.66,1.2685974348365743,1558000,187900,76655
CE,2022-03-07,16500.0,300.0,347.0,161.65,191.85,0.92,2.150563852483999,1672050,114050,70560
CE,2022-03-08,16500.0,170.75,223.65,141.1,214.0,0.88,1.9346273291925467,1807200,135150,62295
CE,2022-03-09,16500.0,295.0,361.9,185.0,338.95,1.17,2.564210378779915,1723200,-84000,73180
CE,2022-03-10,16500.0,425.0,517.5,385.75,452.05,0.79,0.5770385468858253,1525050,-198150,57469
CE,2022-03-11,16500.0,409.05,504.2,370.2,462.85,0.75,0.6852164847489219,1578650,53600,43379
CE,2022-03-14,16500.0,452.0,630.0,443.85,616.85,0.59,0.37113056652147947,1455100,-123550,25477
CE,2022-03-15,16500.0,616.7,639.95,424.25,481.7,0.77,0.272395134170138,1518350,63250,19683
CE,2022-03-16,16500.0,600.2,683.5,570.25,669.1,0.8,0.24974065148347352,1392750,-125600,15648
CE,2022-03-17,16500.0,826.7,960.0,791.05,904.35,0.89,0.14034981601895258,1347300,-45450,13922
CE,2022-03-21,16500.0,929.05,958.8,739.0,765.55,0.42,0.06354115795756687,1330100,-17200,5855
CE,2022-03-22,16500.0,732.7,928.5,670.1,913.55,1.1,0.06199321410086837,1291200,-38900,6468
CE,2022-03-23,16500.0,970.0,992.35,786.65,827.35,0.71,0.04898690321681022,1293700,2500,4567
CE,2022-03-24,16500.0,714.05,872.45,714.0,768.0,1.59,0.04553441437823184,1309950,16250,7256
CE,2022-03-25,16500.0,803.0,811.0,633.9,720.8,0.79,0.013178088593039183,1312450,2500,5753
CE,2022-03-28,16500.0,721.55,789.65,552.0,775.95,2.01,0.01763597384663508,1305950,-6500,11558
CE,2022-03-29,16500.0,815.0,891.85,775.75,869.85,0.57,0.01349619133426161,1209750,-96200,6591
CE,2022-03-30,16500.0,984.9,1042.05,928.45,1021.05,0.57,0.007843104534399105,1181200,-28550,3760
CE,2022-03-31,16500.0,1018.9,1056.0,938.4,968.95,1.74,0.03763264978161929,1072800,-108400,6557
CE,2022-03-02,17000.0,275.55,362.4,275.55,314.9,0,5.32446200228714,2119425,72950,51216
CE,2022-03-03,17000.0,345.0,353.7,230.2,247.45,0.99,4.451573319309317,2076875,-42550,50788
CE,2022-03-04,17000.0,189.9,221.5,150.05,162.9,1.43,7.136372587632926,2014075,-62800,72477
CE,2022-03-07,17000.0,99.85,119.0,71.85,82.8,1.28,6.066828277533905,1965875,-48200,92598
CE,2022-03-08,17000.0,60.25,91.7,50.1,87.25,0.63,5.994644144608095,1979625,13750,58202
CE,2022-03-09,17000.0,93.95,156.8,65.8,144.9,1.12,12.0,2136325,156700,65004
CE,2022-03-10,17000.0,176.4,290.0,172.5,209.3,1.73,8.184415773744442,2032125,-104200,112282
CE,2022-03-11,17000.0,192.25,235.95,158.75,209.0,0.59,7.77137480889098,2007025,-25100,66080
CE,2022-03-14,17000.0,190.05,314.75,179.75,303.9,1.11,4.887274416135881,1923725,-83300,73661
CE,2022-03-15,17000.0,300.6,320.0,189.0,217.5,1.38,3.524733268671193,2347475,423750,101752
CE,2022-03-16,17000.0,294.15,343.95,273.45,334.85,0.98,1.665907263468239,2100775,-246700,99448
CE,2022-03-17,17000.0,400.5,547.7,400.5,504.0,0.57,0.4607651876692893,1847575,-253200,57157
CE,2022-03-21,17000.0,524.05,533.05,376.0,391.0,0.46,0.20724823300602438,1761425,-86150,26214
CE,2022-03-22,17000.0,375.6,509.55,325.6,495.7,2.52,0.3705216209232567,1705125,-56300,65961
CE,2022-03-23,17000.0,543.35,555.9,394.8,425.35,0.44,0.16223527896178383,1491175,-213950,28965
CE,2022-03-24,17000.0,340.7,444.0,327.0,363.9,1.89,0.1980299208489171,1476175,-15000,54642
CE,2022-03-25,17000.0,380.0,389.35,246.0,290.1,3.0,0.15823171585271315,1591925,115750,163901
CE,2022-03-28,17000.0,315.0,327.7,176.4,316.45,3.51,0.3297133171824039,1580675,-11250,575417
CE,2022-03-29,17000.0,359.7,401.1,300.0,380.8,0.19,0.08535017657789072,1282675,-298000,111873
CE,2022-03-30,17000.0,493.8,544.75,432.5,522.25,0.26,0.026188765731471567,1069325,-213350,28544
CE,2022-03-31,17000.0,516.25,556.0,438.55,467.9,0.7,0.03767362714189608,895975,-173350,19992
CE,2022-03-02,17500.0,138.65,176.9,127.85,147.3,0,22.866961217476682,2004150,209500,46580
CE,2022-03-03,17500.0,163.05,168.9,96.45,105.55,1.04,6.855179254640782,2017450,13300,48377
CE,2022-03-04,17500.0,78.1,87.65,60.5,64.15,1.58,9.658527327935223,1836925,-180525,76341
CE,2022-03-07,17500.0,30.05,44.75,12.05,36.25,0.85,7.669332079021637,1662225,-174700,65220
CE,2022-03-08,17500.0,24.5,36.65,9.65,35.05,0.45,7.455564043799338,1644925,-17300,29278
CE,2022-03-09,17500.0,33.85,57.0,33.3,53.2,1.34,11.435860058309038,1670375,25450,39225
CE,2022-03-10,17500.0,67.6,99.0,63.55,76.55,1.84,11.554967099983951,1701275,30900,71999
CE,2022-03-11,17500.0,69.75,86.0,58.0,71.3,0.64,14.396800501882058,1614325,-86950,45897
CE,2022-03-14,17500.0,97.95,120.95,60.25,114.2,1.04,16.6020159888773,1744075,129750,47764
CE,2022-03-15,17500.0,115.0,124.45,67.15,75.75,1.34,19.078671851630272,1785425,41350,63780
CE,2022-03-16,17500.0,100.0,128.0,96.35,123.85,0.96,10.742183406113536,1680050,-105375,61499
CE,2022-03-17,17500.0,177.45,231.05,151.5,206.2,1.54,4.394184318097362,1600800,-79250,94598
CE,2022-03-21,17500.0,210.3,222.0,133.6,141.25,1.04,4.148594039400573,1998250,397450,98554
CE,2022-03-22,17500.0,131.8,199.9,104.3,191.45,1.47,7.440406529103788,2024000,25750,144954
CE,2022-03-23,17500.0,218.65,227.25,133.4,144.6,1.13,2.9284798175923616,2201350,177350,164399
CE,2022-03-24,17500.0,119.85,144.95,80.65,93.25,1.9,10.893152877322386,4199750,1998400,313091
CE,2022-03-25,17500.0,100.15,100.15,46.5,56.5,2.78,13.732653093459273,5558550,1358800,869428
CE,2022-03-28,17500.0,58.0,58.0,23.75,41.7,1.55,20.04895177884472,5986250,427700,1344603
CE,2022-03-29,17500.0,46.65,53.95,23.15,37.4,1.17,6.177758802354868,6710575,724325,1577188
CE,2022-03-30,17500.0,58.05,95.0,43.35,76.5,2.24,1.387789226301811,5625725,-1084850,3526557
CE,2022-03-31,17500.0,65.0,79.0,0.05,1.05,2.38,1.1514080391692332,9642125,4016400,8383661
CE,2022-03-02,18000.0,60.0,70.65,41.5,55.85,0,25.57171581769437,2290300,214800,38153
CE,2022-03-03,18000.0,66.75,67.3,34.35,37.2,1.06,24.682317073170733,2427200,136900,40479
CE,2022-03-04,18000.0,33.1,35.9,22.6,23.65,1.28,30.906324582338904,2258950,-168250,51799
CE,2022-03-07,18000.0,22.1,24.4,13.15,17.95,0.87,20.62895098488319,2057250,-201700,45033
CE,2022-03-08,18000.0,15.05,19.95,13.3,15.7,0.48,20.395327102803737,2093450,36200,21823
CE,2022-03-09,18000.0,18.0,20.5,13.15,19.25,1.2,23.891025641025642,2072300,-21150,26089
CE,2022-03-10,18000.0,25.3,36.0,22.85,25.9,1.61,31.06740740740741,2164250,91950,41941
CE,2022-03-11,18000.0,29.4,29.4,19.8,21.25,0.95,32.183292781832925,2246700,82450,39682
CE,2022-03-14,18000.0,22.45,34.0,18.15,31.35,1.1,20.81844242713808,2327750,81050,43573
CE,2022-03-15,18000.0,32.55,38.5,19.8,21.45,1.1,23.335288367546433,2424350,96600,47744
CE,2022-03-16,18000.0,25.55,32.0,25.2,30.85,1.06,28.468013468013467,2351900,-72450,50730
CE,2022-03-17,18000.0,43.95,60.05,36.0,52.5,2.12,19.89374305812662,2477050,125150,107466
CE,2022-03-21,18000.0,53.0,59.95,33.05,34.65,0.93,20.519419460343418,2853450,376400,100381
CE,2022-03-22,18000.0,31.45,46.95,21.45,41.95,1.24,44.19417820376287,3034650,181200,124495
CE,2022-03-23,18000.0,53.0,53.1,25.15,27.1,1.12,34.69910403185664,3700450,665800,139421
CE,2022-03-24,18000.0,20.0,24.85,9.0,11.4,1.77,67.6684037301152,5628150,1927700,246719
CE,2022-03-25,18000.0,11.4,11.65,5.7,6.05,2.38,109.60507652108996,7939050,2310900,587264
CE,2022-03-28,18000.0,4.65,4.65,2.5,2.85,1.6,107.41021548284118,10382800,2443750,942095
CE,2022-03-29,18000.0,2.75,2.8,1.55,1.75,0.67,50.6813753120219,9176850,-1205950,629412
CE,2022-03-30,18000.0,2.6,2.85,0.85,1.1,1.34,55.617279072830236,10108750,931900,844604
CE,2022-03-31,18000.0,0.8,0.9,0.05,0.1,0.65,50.69408262002233,6431100,-3677650,544860
CE,2022-03-02,18500.0,20.0,26.05,17.0,20.8,0,50.92926045016077,1474150,54400,15839
CE,2022-03-03,18500.0,24.05,25.0,12.35,13.45,1.16,22.773234200743495,1369650,-104500,18378
CE,2022-03-04,18500.0,15.05,15.05,9.7,10.15,1.2,35.00317965023847,1436000,66350,22017
CE,2022-03-07,18500.0,9.55,12.5,6.9,9.65,0.98,40.666041275797376,1303600,-132400,21675
CE,2022-03-08,18500.0,10.0,10.9,7.6,8.0,0.22,18.492125984251967,1292300,-11300,4697
CE,2022-03-09,18500.0,9.85,9.85,6.7,8.35,2.68,45.34172661870504,1301800,9500,12605
CE,2022-03-10,18500.0,8.5,14.0,8.35,9.05,1.36,32.44402277039848,1293500,-8300,17098
CE,2022-03-11,18500.0,8.0,8.95,6.95,7.35,0.56,62.12418300653595,1271250,-22250,9505
CE,2022-03-14,18500.0,7.3,9.5,5.55,8.65,1.14,48.927927927927925,1287150,15900,10862
CE,2022-03-15,18500.0,8.7,9.05,6.1,6.45,1.2,46.195729537366546,1303700,16550,12981
CE,2022-03-16,18500.0,7.95,8.5,6.5,7.05,1.08,65.5774647887324,1319650,15950,13968
CE,2022-03-17,18500.0,10.0,12.9,6.3,11.35,3.5,59.22545454545455,1452850,133200,48861
CE,2022-03-21,18500.0,17.35,19.4,7.0,7.55,0.71,52.78300455235205,1599450,146600,34784
CE,2022-03-22,18500.0,6.95,7.0,3.55,5.75,1.4,93.00761904761904,1640600,41150,48829
CE,2022-03-23,18500.0,6.8,6.95,3.8,4.15,1.07,126.1086956521739,2195750,555150,52209
CE,2022-03-24,18500.0,4.05,4.05,1.85,2.1,3.66,379.45436507936506,5283150,3087400,191245
CE,2022-03-25,18500.0,2.1,2.25,1.5,1.6,1.13,797.3308823529412,5973900,690750,216874
CE,2022-03-28,18500.0,1.4,1.55,0.95,1.05,0.96,177.80377035132818,5379750,-594150,207497
CE,2022-03-29,18500.0,1.0,1.05,0.55,0.7,0.66,69.7982546201232,4831900,-547850,135967
CE,2022-03-30,18500.0,0.65,0.9,0.35,0.5,0.9,79.98361730013106,4582300,-249600,122055
CE,2022-03-31,18500.0,0.3,0.65,0.05,0.05,1.18,61.913304721030045,3310450,-1271850,144258
